group_id,n_utterances,n_tokens,n_types,ttr,mtld
1,11,118,30,0.254237,19.7657
2,11,165,40,0.242424,23.5714
3,11,124,39,0.314516,20.6667
4,7,79,30,0.379747,23.4281
5,8,67,20,0.298507,16.75
6,13,291,33,0.113402,28.5339
7,13,114,23,0.201754,16.2857
8,4,52,24,0.461538,22.0606
9,5,61,27,0.442623,27.6008
10,11,100,24,0.24,18.8142
11,8,129,37,0.286822,24.0248
12,6,136,47,0.345588,35.1736
13,10,93,32,0.344086,21.6399
14,5,87,36,0.413793,29.0
15,5,49,26,0.530612,19.912
16,4,132,54,0.409091,31.2558
17,15,139,36,0.258993,17.0817
18,7,70,23,0.328571,18.0289
19,5,49,27,0.55102,19.2316
20,5,57,28,0.491228,21.0355
21,9,155,37,0.23871,28.2022
22,11,170,32,0.188235,25.0566
23,9,103,28,0.271845,23.8168
24,7,82,28,0.341463,16.6492
25,6,124,40,0.322581,31.0
26,5,108,36,0.333333,27.0
27,11,195,31,0.158974,26.3627
28,11,165,37,0.224242,23.1496
29,7,96,27,0.28125,19.2
30,9,81,24,0.296296,16.2
31,3,68,32,0.470588,34.0
32,6,115,36,0.313043,23.7738
33,5,93,36,0.387097,28.3043
34,3,48,31,0.645833,44.5418
35,4,70,33,0.471429,33.2535
36,6,88,35,0.397727,22.0
37,8,119,37,0.310924,22.3338
38,6,159,37,0.232704,27.9932
39,3,67,30,0.447761,24.562
40,6,85,28,0.329412,23.0476
41,4,60,39,0.65,53.2127
42,3,67,39,0.58209,42.2843
43,5,64,27,0.421875,28.7871
44,7,86,31,0.360465,26.3436
45,4,84,39,0.464286,42.0
46,5,90,37,0.411111,30.0
47,9,93,23,0.247312,20.3397
48,9,83,23,0.277108,20.75
49,6,40,20,0.5,20.0
50,10,164,38,0.231707,22.3901
51,11,161,33,0.204969,23.0
52,8,133,45,0.338346,26.7461
53,14,294,33,0.112245,29.4
54,5,198,57,0.287879,36.3792
55,5,239,67,0.280335,30.0764
56,4,72,40,0.555556,33.0492
57,26,231,25,0.108225,15.8093
58,7,66,22,0.333333,16.9369
59,17,139,23,0.165468,14.6995
60,18,276,36,0.130435,21.2308
61,24,293,61,0.208191,24.7987
62,8,157,46,0.292994,20.5261
63,12,166,42,0.253012,20.3997
64,6,65,22,0.338462,17.565
65,6,71,22,0.309859,19.0265
66,11,183,45,0.245902,28.6756
67,10,204,48,0.235294,31.712
68,10,174,40,0.229885,27.2467
69,16,135,42,0.311111,16.5901
71,6,53,21,0.396226,17.6667
72,5,56,26,0.464286,28.0
73,19,281,42,0.149466,20.8148
75,8,147,40,0.272109,28.2779
76,12,136,31,0.227941,21.9411
77,11,137,34,0.248175,25.8607
78,7,68,24,0.352941,19.8736
79,11,215,41,0.190698,25.7265
80,11,103,29,0.281553,20.1761
81,8,75,34,0.453333,29.0132
82,5,71,28,0.394366,22.3013
83,9,136,32,0.235294,26.6061
84,3,50,32,0.64,41.7219
85,5,112,43,0.383929,35.4168
86,10,228,56,0.245614,26.9188
87,8,83,32,0.385542,25.1697
88,10,103,35,0.339806,23.9668
89,7,139,52,0.374101,33.0904
90,11,145,36,0.248276,22.6675
91,5,55,29,0.527273,27.5
92,3,75,42,0.56,32.3956
93,5,151,55,0.364238,34.2242
94,9,178,41,0.230337,27.3846
95,4,71,26,0.366197,20.7592
96,7,178,48,0.269663,34.7144
97,8,128,45,0.351562,28.4444
98,8,78,32,0.410256,22.8059
99,8,83,35,0.421687,20.75
100,8,89,32,0.359551,22.4249
101,7,82,32,0.390244,26.0416
102,8,128,36,0.28125,24.0822
103,8,104,31,0.298077,19.0951
104,8,92,27,0.293478,18.4
105,6,94,33,0.351064,26.8571
106,7,66,28,0.424242,16.6542
107,7,65,28,0.430769,19.9109
108,8,169,51,0.301775,32.7371
109,8,162,42,0.259259,22.5085
110,7,131,43,0.328244,27.0471
111,7,68,29,0.426471,20.2553
112,6,66,26,0.393939,27.6774
113,6,74,34,0.459459,34.9213
114,7,102,35,0.343137,25.5
115,7,100,34,0.34,23.3538
116,8,101,31,0.306931,23.7362
117,6,187,66,0.352941,29.3199
118,8,71,25,0.352113,17.75
119,8,135,37,0.274074,27.0
120,7,196,59,0.30102,27.3473
121,7,83,28,0.337349,23.0606
122,7,79,22,0.278481,18.1311
123,9,88,28,0.318182,21.4371
124,8,101,30,0.29703,20.2
125,9,92,33,0.358696,21.2514
126,9,67,24,0.358209,15.809
127,9,89,31,0.348315,20.6072
128,7,93,34,0.365591,26.1928
129,10,108,25,0.231481,20.7756
130,8,76,26,0.342105,16.8889
131,4,35,24,0.685714,27.2222
132,6,53,16,0.301887,17.6667
133,8,217,65,0.299539,31.0
134,8,192,53,0.276042,35.5089
135,11,211,57,0.270142,30.1429
136,8,113,33,0.292035,21.1816
137,9,221,63,0.285068,35.4216
138,4,37,18,0.486486,18.5
139,9,118,45,0.381356,27.9408
140,8,311,59,0.189711,30.421
141,8,79,34,0.43038,22.5714
142,12,196,37,0.188776,23.1407
143,10,219,47,0.214612,30.3045
144,8,118,42,0.355932,33.499
145,10,148,34,0.22973,18.2097
146,10,125,39,0.312,20.9062
147,9,149,38,0.255034,23.8855
148,17,503,59,0.117296,27.2946
149,30,550,52,0.094545,22.449
150,6,126,42,0.333333,25.8276
151,7,78,33,0.423077,19.5
152,7,107,33,0.308411,26.75
153,7,91,31,0.340659,23.082
154,7,98,40,0.408163,29.3114
155,8,114,44,0.385965,21.6125
156,8,81,32,0.395062,21.373
157,9,178,54,0.303371,24.796
158,8,198,61,0.308081,41.0016
159,12,193,42,0.217617,25.303
160,12,127,43,0.338583,24.0441
161,9,150,35,0.233333,22.8172
162,10,139,51,0.366906,26.4505
163,8,156,51,0.326923,31.3888
164,8,126,47,0.373016,25.2
165,8,193,52,0.26943,24.7101
166,7,84,28,0.333333,19.741
167,7,93,31,0.333333,17.9896
168,10,156,51,0.326923,25.0076
169,8,184,59,0.320652,36.8
170,9,166,51,0.307229,30.1818
171,12,198,44,0.222222,23.8623
172,11,298,72,0.241611,35.0588
173,11,268,67,0.25,34.276
174,9,126,43,0.34127,26.0323
175,9,105,41,0.390476,21.5047
176,8,149,52,0.348993,37.25
177,7,154,40,0.25974,36.9984
178,11,192,38,0.197917,29.1348
179,9,133,40,0.300752,24.1818
180,10,227,42,0.185022,25.2222
181,11,185,36,0.194595,26.4286
182,9,224,56,0.25,26.1061
183,10,169,41,0.242604,26.2161
184,10,145,47,0.324138,29.4998
185,9,175,37,0.211429,21.3456
186,8,103,38,0.368932,25.75
187,5,144,37,0.256944,36.0
188,3,105,52,0.495238,52.5
189,6,88,34,0.386364,23.4024
190,6,102,34,0.333333,29.0934
191,6,72,33,0.458333,24.5854
192,6,103,39,0.378641,25.733
193,8,145,47,0.324138,31.3639
194,6,75,31,0.413333,23.8828
195,3,36,24,0.666667,27.7431
196,5,89,40,0.449438,32.4338
197,6,163,40,0.245399,25.0769
198,6,92,32,0.347826,23.0
199,6,98,37,0.377551,26.3213
200,3,27,18,0.666667,27.0
201,3,52,31,0.596154,38.9565
202,3,72,36,0.5,36.0
203,3,84,32,0.380952,32.916
204,6,45,26,0.577778,22.5
205,6,72,38,0.527778,32.2448
206,2,17,12,0.705882,12.8333
207,2,21,15,0.714286,21.0
