group_id,n_comparisons,mean_jaccard
1,10,0.35604
2,10,0.486244
3,10,0.321119
4,6,0.304496
5,7,0.457597
6,12,0.721898
7,12,0.558178
8,3,0.560399
9,4,0.423077
10,10,0.393644
11,7,0.450719
12,5,0.523781
13,9,0.36136
14,4,0.468577
15,4,0.358173
16,3,0.248705
17,14,0.336128
18,6,0.370849
19,4,0.295833
20,4,0.239951
21,8,0.511811
22,10,0.487953
23,8,0.337963
24,6,0.301956
25,5,0.492369
26,4,0.532785
27,10,0.572269
28,10,0.457634
29,6,0.588276
30,8,0.388599
31,2,0.589862
32,5,0.542142
33,4,0.418154
34,2,0.307273
35,3,0.350367
36,5,0.394734
37,7,0.364539
38,5,0.55113
39,2,0.561008
40,5,0.434211
41,3,0.290339
42,2,0.323333
43,4,0.422785
44,6,0.538526
45,3,0.454673
46,4,0.3925
47,8,0.498768
48,8,0.376794
49,5,0.273506
50,9,0.442452
51,10,0.566015
52,7,0.24316
53,13,0.714468
54,4,0.565979
55,4,0.495695
56,3,0.236081
57,25,0.488816
58,6,0.402207
59,16,0.365679
60,17,0.514028
61,23,0.172023
62,7,0.597455
63,11,0.324387
64,5,0.626349
65,5,0.618462
66,10,0.523869
67,9,0.51843
68,9,0.480969
69,15,0.410948
71,5,0.445455
72,4,0.505929
73,18,0.451843
75,7,0.625861
76,11,0.31833
77,10,0.392668
78,6,0.550777
79,10,0.560031
80,10,0.43039
81,7,0.198934
82,4,0.379817
83,8,0.553266
84,2,0.401996
85,4,0.516556
86,9,0.507114
87,7,0.404174
88,9,0.371903
89,6,0.368884
90,10,0.51338
91,4,0.29256
92,2,0.3125
93,4,0.479478
94,8,0.592994
95,3,0.452851
96,6,0.541396
97,7,0.400691
98,7,0.358805
99,7,0.361484
100,7,0.420223
101,6,0.319052
102,7,0.508122
103,7,0.557288
104,7,0.471297
105,5,0.466056
106,6,0.315309
107,6,0.360371
108,7,0.331941
109,7,0.466527
110,6,0.424373
111,6,0.437691
112,5,0.392185
113,5,0.326779
114,6,0.463488
115,6,0.467772
116,7,0.496478
117,5,0.3025
118,7,0.454113
119,7,0.486418
120,6,0.462186
121,6,0.499959
122,6,0.488183
123,8,0.296453
124,7,0.523395
125,8,0.377174
126,8,0.499427
127,8,0.423916
128,6,0.390838
129,9,0.523499
130,7,0.378355
131,3,0.233333
132,5,0.549621
133,7,0.451192
134,7,0.515526
135,10,0.324511
136,7,0.431127
137,8,0.421188
138,3,0.360644
139,8,0.280019
140,7,0.527451
141,7,0.286552
142,11,0.449448
143,9,0.418233
144,7,0.208234
145,9,0.487672
146,9,0.465255
147,8,0.537672
148,16,0.570887
149,29,0.682867
150,5,0.387233
151,6,0.328127
152,6,0.523187
153,6,0.474318
154,6,0.323756
155,7,0.401235
156,7,0.390934
157,8,0.340986
158,7,0.337306
159,11,0.520839
160,11,0.316958
161,8,0.563194
162,9,0.338739
163,7,0.413126
164,7,0.304151
165,7,0.348257
166,6,0.575699
167,6,0.549759
168,9,0.262165
169,7,0.367875
170,8,0.343838
171,11,0.42704
172,10,0.383945
173,10,0.431287
174,8,0.340734
175,8,0.385404
176,7,0.472091
177,6,0.643083
178,10,0.522362
179,8,0.524186
180,9,0.366887
181,10,0.641188
182,8,0.442421
183,9,0.351256
184,9,0.43922
185,8,0.446589
186,7,0.257163
187,4,0.740833
188,2,0.435855
189,5,0.319913
190,5,0.613396
191,5,0.383475
192,5,0.410884
193,7,0.414953
194,5,0.545533
195,2,0.258333
196,4,0.298491
197,5,0.523678
198,5,0.487585
199,5,0.45903
200,2,0.309524
201,2,0.35575
202,2,0.413254
203,2,0.643236
204,5,0.335714
205,5,0.380525
206,1,0.25
207,1,0.266667
